N.,Codice,Tipo,Prodotto,SuperMercato,Costo,Offerta,Qta,Totale
1,MMK07086,Insaccati,Prosciutto cotto fiordicotto Fiorucci,Megamark,,"€ 1,18",2,"€ 2,36"
2,MMK03087,Carne e Derivati,Salsiccia pecorino e rucola,Megamark,,"€ 6,00",2,"€ 12,00"
3,MMK05088,Frutta e Verdure,Patate Pizzoli,Megamark,,"€ 1,49",1,"€ 1,49"
4,MMK05089,Frutta e Verdure,Carote,Megamark,,"€ 1,19",1,"€ 1,19"
5,MMK15008,Surgelati,Bastoncini Findus 18pezzi,Megamark,,"€ 3,99",1,"€ 3,99"
6,MMK13090,Salse,Sugo pronto biffi tonno e olive,Megamark,,"€ 2,15",2,"€ 4,30"
7,MMK08091,Latte e Formaggi,Yogurt yomo con mix,Megamark,,"€ 0,70",10,"€ 7,00"
8,MMK06092,Gelati,Magnum,Megamark,,"€ 3,49",2,"€ 6,98"
9,MMK09093,Merendine,Kinder Pingui,Megamark,,"€ 1,89",3,"€ 5,67"
10,MMK02094,Bibite,Succhi di frutta yoga 3 brick,Megamark,,"€ 1,00",4,"€ 4,00"
11,MMK15095,Surgelati,Pizze Buitoni 2 per confezione,Megamark,,"€ 3,28",3,"€ 9,84"
12,MMK15096,Surgelati,Panzerottini pomodoro e mozzarella,Megamark,,"€ 1,58",1,"€ 1,58"
13,MMK13098,Salse,Pelati di polpa fine selex 2x230,Megamark,,"€ 1,00",2,"€ 2,00"
14,MMK11099,Pesce,Filetti di alice,Megamark,,"€ 2,59",1,"€ 2,59"
15,MMK08100,Latte e Formaggi,Treccine artigianali,Megamark,,"€ 3,59",1,"€ 3,59"
16,MMK09101,Merendine,Salame Milano Citterio,Megamark,,"€ 0,60",6,"€ 3,60"
17,MMK19019,Confettura,Marmellata Hero light Fragola,Megamark,,"€ 1,90",2,"€ 3,80"
18,MMK0016,Cioccolato,Cioccolata NoVI,Megamark,"€ 3,48",,1,"€ 3,48"
19,MMK08057,Latte e Formaggi,Latte di avena selex,Megamark,"€ 1,69",,3,"€ 5,07"
20,MMK11102,Pesce,Gamberi selex,Megamark,,"€ 2,64",2,"€ 5,28"
21,MMK02103,Bibite,Vino rosato,Megamark,,"€ 4,00",1,"€ 4,00"
22,MMK02104,Bibite,Acqua Lilia,Megamark,,"€ 1,50",3,"€ 4,50"
